{"noiseKey":{"private":{"type":"Buffer","data":"sMBlF1/MbGysTjVFs4chpRcS0k37VWxdAC14T7axT34="},"public":{"type":"Buffer","data":"2bZHRme7vNjad8pohv5ib4PJ5k7f9oV0wed+HnhZKyw="}},"pairingEphemeralKeyPair":{"private":{"type":"Buffer","data":"MMeIeaLED+PU1qq4nzw15WHkjaLtIrMr3rhEu+04/kU="},"public":{"type":"Buffer","data":"3nYvXiMOMPDZijUASj1t28DZiaMR0uXx3HQLlwg2b1w="}},"signedIdentityKey":{"private":{"type":"Buffer","data":"6LO4hMfnFZbbEyA0nf9tOtebHVAdq6X+V+rhgDjbl0Y="},"public":{"type":"Buffer","data":"3WlaxANJXKwocG69jCgXG/fBtCMbY4+mOQ/X5RrohmE="}},"signedPreKey":{"keyPair":{"private":{"type":"Buffer","data":"oLl1RWqGdZY19TA4Iz6pqaXjTMsglebaCxDT/BDrWkA="},"public":{"type":"Buffer","data":"c9S2W9GaqS31igPCoNxHl3ajK02b3mUWceReYm2Y/kA="}},"signature":{"type":"Buffer","data":"3w5ABr5PHJVfqEBmjeI6Qzbe2pX+PebSBtcOG+NL3Lp+mRqtbVtfWkivXTvHOvC+kgllApnGJrIHHXojV6KMgQ=="},"keyId":1},"registrationId":18,"advSecretKey":"QNdHGeJcFJ4y2eCYW2WqqtANRp0Gu2LBUQ6vFCY4AQ8=","processedHistoryMessages":[{"key":{"remoteJid":"6283845350570@s.whatsapp.net","fromMe":true,"id":"1239687EC0A6BE49F09EADD85ABCBC1B"},"messageTimestamp":1698311845},{"key":{"remoteJid":"6283845350570@s.whatsapp.net","fromMe":true,"id":"C61A89661207322F48AD6EFB391D37F1"},"messageTimestamp":1698311846},{"key":{"remoteJid":"6283845350570@s.whatsapp.net","fromMe":true,"id":"605213C228F20ABFB8A2212FFE9DCA3E"},"messageTimestamp":1698311847},{"key":{"remoteJid":"6283845350570@s.whatsapp.net","fromMe":true,"id":"7A5FC5B1F5407335E436D547CFDD7E20"},"messageTimestamp":1698311847},{"key":{"remoteJid":"6283845350570@s.whatsapp.net","fromMe":true,"id":"68E1AB89CD82632A973B7678A05BA757"},"messageTimestamp":1698311849}],"nextPreKeyId":61,"firstUnuploadedPreKeyId":61,"accountSyncCounter":1,"accountSettings":{"unarchiveChats":false},"deviceId":"x0gpIVN4RZGT_9Mj-FK7DQ","phoneId":"ac5d8d2a-76e5-4d92-ad65-2663ef808374","identityId":{"type":"Buffer","data":"cAaf6fzgSl+eiWjcIO4qMXi1b2g="},"registered":true,"backupToken":{"type":"Buffer","data":"NUKipxaCExHER/86UvwI02K63CQ="},"registration":{},"pairingCode":"MA7VATB7","me":{"id":"6283845350570:15@s.whatsapp.net","name":"Amelia","jid":"6283845350570@s.whatsapp.net"},"account":{"details":"CNTcxToQn93oqQYYAQ==","accountSignatureKey":"/6wksiwn2KVUGkS3s+VgXazCzyV9lBDtaCjiy3OjjT4=","accountSignature":"oey8jusGx03uSbPh0l1hzTB3uUGUTX1JIxtZjfAtngGCZInAiVmq/EIHfO22AxMOZf1dT1a2WSSS/mIR7Wx3AQ==","deviceSignature":"zWdH2lEI3ixdo8l+BqtSgo3s4MmsGylB8bSJEj/lyp6AEina3KkyOb21ZiuCxzg2I36AkU9vbauXpxLsddfsjQ=="},"signalIdentities":[{"identifier":{"name":"6283845350570:15@s.whatsapp.net","deviceId":0},"identifierKey":{"type":"Buffer","data":"Bf+sJLIsJ9ilVBpEt7PlYF2sws8lfZQQ7Wgo4stzo40+"}}],"platform":"android","lastAccountSyncTimestamp":1698312291,"myAppStateKeyId":"AAAAACXI"}